"cluster_assignment","mean_age","sd_age"
1:4,64.481779106709,13.1206477320654
1:4,30.3320571344426,14.3972885024969
1:4,49.3544891640867,16.8265880153283
1:4,36.5022927689594,14.2750817423167
